year,ghg_scope12_mt,scope1_t,scope2_market_t,scope2_location_t,scope3_t,renewable_pct,energy_bkwh,electricity_bkwh,water_withdrawn_bgal,water_conserved_bgal,water_returned_bgal,water_restored_bgal,net_positive_water_pct,recordable_rate,days_away_rate,employees_k,revenue_busd,source
2011,2.01,,,,,,5.3,,8.3,,,,,0.66,0.12,100.1,54,Intel 2015 CSR p.21
2012,1.85,,,,,,5.5,,9,,,,,0.62,0.12,104.7,53.3,Intel 2015 CSR p.21
2013,1.69,,,,,,5.6,,8.7,,,,,0.69,0.13,107.6,52.7,Intel 2015 CSR p.21
2014,2.08,,,,,,5.9,,8.4,,,,,0.64,0.1,106.7,55.9,Intel 2018 CSR p.26
2015,2,1050000,950000,2440000,,,6.4,,9,,,,,0.54,0.1,107.3,55.4,Intel 2018 CSR p.26; 2015 CSR assurance schedule
2016,1.62,,,,,,6.5,,9.4,,,,,0.49,0.07,106,59.4,Intel 2018 CSR p.26
2017,2.46,,,,,,7.3,,11.1,,,,,0.68,0.12,102.7,62.8,Intel 2018 CSR p.26
2018,2.58,1458000,1120000,2919000,20979000,,8.3,,12.8,,,,,0.69,0.11,107.4,70.8,Intel 2018 CSR pp.26-27
2019,1.57,,,,,0.71,9.6,,12.6,,,,0.9,0.69,0.14,110.8,72,Intel 2023-24 CSR p.108
2020,1.32,,,,,0.82,10.6,,13.8,7.1,,,0.9,0.75,0.17,110.6,77.9,Intel 2024-25 CSR p.58
2021,1.5,1150000,350000,,,0.8,11.6,9.6,14.3,9.3,11.9,2.3,0.99,0.93,0.2,121.1,79,Intel 2025-26 CSR pp.35-37 & 58
2022,1.53,1180000,350000,,,0.93,10.9,9,10.9,9.6,8.6,3,1.07,0.9,0.22,131.9,63.1,Intel 2025-26 CSR pp.35-37 & 58
2023,0.89,845000,47800,3130000,23095000,0.99,10.8,9.1,10.5,10.2,8.3,3.1,1.1,0.83,0.16,124.8,54.2,Intel 2023-24 CSR p.71 & 2025-26 p.58
2024,1.2,1105000,97000,3179000,25059000,0.98,11.4,9.6,11.1,10.5,8.8,2.9,1.06,0.71,0.17,108.9,,Intel 2024-25 CSR p.56 & 2025-26 p.58
2025,1.32,1274000,49000,3311000,25053000,0.99,12,10.2,11.1,11.2,8.6,2.8,1.03,0.78,0.19,85.1,,Intel 2025-26 CSR pp.35-37 & 58 & 62